﻿pos_x,pos_y,rotation,side,designator,mpn,pack,value,mount_type,place
135.636,-92.075,0.0,top,C1,,C_0402_1005Metric,1uF,smt,True
158.496,-102.718,180.0,top,C10,,C_1206_3216Metric,22uF,smt,True
132.334,-99.06,90.0,top,C2,,C_0402_1005Metric,1uF,smt,True
140.716,-103.632,180.0,top,C3,,C_0402_1005Metric,1uF,smt,True
145.288,-95.25,-90.0,top,C4,,C_0402_1005Metric,1uF,smt,True
144.018,-95.25,-90.0,top,C5,,C_0402_1005Metric,10nF,smt,True
152.014,-87.772,0.0,top,C6,,C_0402_1005Metric,10nF,smt,True
129.413,-95.123,-90.0,top,C7,,C_0603_1608Metric,30pF,smt,True
129.413,-99.949,90.0,top,C8,,C_0603_1608Metric,30pF,smt,True
162.559999,-102.590998,-90.0,top,C9,,C_0402_1005Metric,1uF,smt,True
158.050999,-91.693997,0.0,top,D1,,LED_0603_1608Metric,LED,smt,True
105.283,-103.124,-90.0,top,J10,,TerminalBlock_Dorabo-4_P5.08mm,Screw_Terminal_01x04,tht,True
149.23,-106.157,180.0,top,J2,,PinHeader_2x03_P2.54mm_Vertical,BOOT,tht,True
138.049,-119.79,0.0,top,J3,,MAX_MX15EDGRC_15P_P3.81_Horizontal,Conn_01x15_Socket,tht,True
138.43,-75.79,180.0,top,J4,,MAX_MX15EDGRC_15P_P3.81_Horizontal,Conn_01x15_Socket,tht,True
172.641201,-110.45,90.0,top,J7,,TerminalBlock_Wuerth_691137710002_P5.0mm,XY301V-A-5.0-2P,tht,False
104.267,-81.153,0.0,top,J8,,PinHeader_2x04_P2.54mm_Vertical,Conn_02x05_Odd_Even,tht,True
171.069,-90.551,90.0,top,J9,,TerminalBlock_Dorabo-4_P5.08mm,Screw_Terminal_01x04,tht,True
156.401001,-113.157001,90.0,bottom,JP1,,SolderJumper-3_P2.0mm_Open_TrianglePad1.0x1.5mm,Jumper_3_Open,tht,False
151.543001,-114.517001,90.0,bottom,JP10,,SolderJumper-2_P1.3mm_Open_TrianglePad1.0x1.5mm,Jumper_2_Open,tht,False
133.6225,-113.247,90.0,bottom,JP11,,SolderJumper-3_P2.0mm_Open_TrianglePad1.0x1.5mm,Jumper_3_Open,tht,False
137.8135,-111.215002,-90.0,bottom,JP12,,SolderJumper-2_P1.3mm_Open_TrianglePad1.0x1.5mm,Jumper_2_Open,tht,False
140.353501,-111.215002,-90.0,bottom,JP13,,SolderJumper-2_P1.3mm_Open_TrianglePad1.0x1.5mm,Jumper_2_Open,tht,False
137.8135,-114.517001,90.0,bottom,JP14,,SolderJumper-2_P1.3mm_Open_TrianglePad1.0x1.5mm,Jumper_2_Open,tht,False
140.353501,-114.517001,90.0,bottom,JP15,,SolderJumper-2_P1.3mm_Open_TrianglePad1.0x1.5mm,Jumper_2_Open,tht,False
122.206,-113.247,90.0,bottom,JP16,,SolderJumper-3_P2.0mm_Open_TrianglePad1.0x1.5mm,Jumper_3_Open,tht,False
126.397,-111.215002,-90.0,bottom,JP17,,SolderJumper-2_P1.3mm_Open_TrianglePad1.0x1.5mm,Jumper_2_Open,tht,False
128.937001,-111.215002,-90.0,bottom,JP18,,SolderJumper-2_P1.3mm_Open_TrianglePad1.0x1.5mm,Jumper_2_Open,tht,False
126.397,-114.517001,90.0,bottom,JP19,,SolderJumper-2_P1.3mm_Open_TrianglePad1.0x1.5mm,Jumper_2_Open,tht,False
160.592001,-111.125001,-90.0,bottom,JP2,,SolderJumper-2_P1.3mm_Open_TrianglePad1.0x1.5mm,Jumper_2_Open,tht,False
128.937001,-114.517001,90.0,bottom,JP20,,SolderJumper-2_P1.3mm_Open_TrianglePad1.0x1.5mm,Jumper_2_Open,tht,False
110.743999,-113.31,90.0,bottom,JP21,,SolderJumper-3_P2.0mm_Open_TrianglePad1.0x1.5mm,Jumper_3_Open,tht,False
114.934999,-111.278002,-90.0,bottom,JP22,,SolderJumper-2_P1.3mm_Open_TrianglePad1.0x1.5mm,Jumper_2_Open,tht,False
117.475,-111.278002,-90.0,bottom,JP23,,SolderJumper-2_P1.3mm_Open_TrianglePad1.0x1.5mm,Jumper_2_Open,tht,False
114.934999,-114.580001,90.0,bottom,JP24,,SolderJumper-2_P1.3mm_Open_TrianglePad1.0x1.5mm,Jumper_2_Open,tht,False
117.475,-114.580001,90.0,bottom,JP25,,SolderJumper-2_P1.3mm_Open_TrianglePad1.0x1.5mm,Jumper_2_Open,tht,False
120.364,-82.639999,-90.0,bottom,JP26,,SolderJumper-3_P2.0mm_Open_TrianglePad1.0x1.5mm,Jumper_3_Open,tht,False
116.173001,-84.671998,90.0,bottom,JP27,,SolderJumper-2_P1.3mm_Open_TrianglePad1.0x1.5mm,Jumper_2_Open,tht,False
113.632999,-84.671997,90.0,bottom,JP28,,SolderJumper-2_P1.3mm_Open_TrianglePad1.0x1.5mm,Jumper_2_Open,tht,False
116.173,-81.369999,-90.0,bottom,JP29,,SolderJumper-2_P1.3mm_Open_TrianglePad1.0x1.5mm,Jumper_2_Open,tht,False
163.132001,-111.125001,-90.0,bottom,JP3,,SolderJumper-2_P1.3mm_Open_TrianglePad1.0x1.5mm,Jumper_2_Open,tht,False
113.632999,-81.369998,-90.0,bottom,JP30,,SolderJumper-2_P1.3mm_Open_TrianglePad1.0x1.5mm,Jumper_2_Open,tht,False
131.858002,-82.581999,-90.0,bottom,JP31,,SolderJumper-3_P2.0mm_Open_TrianglePad1.0x1.5mm,Jumper_3_Open,tht,False
127.667001,-84.613997,90.0,bottom,JP32,,SolderJumper-2_P1.3mm_Open_TrianglePad1.0x1.5mm,Jumper_2_Open,tht,False
125.127,-84.613996,90.0,bottom,JP33,,SolderJumper-2_P1.3mm_Open_TrianglePad1.0x1.5mm,Jumper_2_Open,tht,False
127.667002,-81.311999,-90.0,bottom,JP34,,SolderJumper-2_P1.3mm_Open_TrianglePad1.0x1.5mm,Jumper_2_Open,tht,False
125.127,-81.311997,-90.0,bottom,JP35,,SolderJumper-2_P1.3mm_Open_TrianglePad1.0x1.5mm,Jumper_2_Open,tht,False
143.256,-82.553311,-90.0,bottom,JP36,,SolderJumper-3_P2.0mm_Open_TrianglePad1.0x1.5mm,Jumper_3_Open,tht,False
139.065,-84.585309,90.0,bottom,JP37,,SolderJumper-2_P1.3mm_Open_TrianglePad1.0x1.5mm,Jumper_2_Open,tht,False
136.524999,-84.585309,90.0,bottom,JP38,,SolderJumper-2_P1.3mm_Open_TrianglePad1.0x1.5mm,Jumper_2_Open,tht,False
139.065,-81.28331,-90.0,bottom,JP39,,SolderJumper-2_P1.3mm_Open_TrianglePad1.0x1.5mm,Jumper_2_Open,tht,False
160.592001,-114.427001,90.0,bottom,JP4,,SolderJumper-2_P1.3mm_Open_TrianglePad1.0x1.5mm,Jumper_2_Open,tht,False
136.524999,-81.28331,-90.0,bottom,JP40,,SolderJumper-2_P1.3mm_Open_TrianglePad1.0x1.5mm,Jumper_2_Open,tht,False
154.686,-82.677002,-90.0,bottom,JP41,,SolderJumper-3_P2.0mm_Open_TrianglePad1.0x1.5mm,Jumper_3_Open,tht,False
150.495003,-84.708998,90.0,bottom,JP42,,SolderJumper-2_P1.3mm_Open_TrianglePad1.0x1.5mm,Jumper_2_Open,tht,False
147.954999,-84.709,90.0,bottom,JP43,,SolderJumper-2_P1.3mm_Open_TrianglePad1.0x1.5mm,Jumper_2_Open,tht,False
150.495002,-81.407001,-90.0,bottom,JP44,,SolderJumper-2_P1.3mm_Open_TrianglePad1.0x1.5mm,Jumper_2_Open,tht,False
147.955,-81.406999,-90.0,bottom,JP45,,SolderJumper-2_P1.3mm_Open_TrianglePad1.0x1.5mm,Jumper_2_Open,tht,False
166.116002,-82.549998,-90.0,bottom,JP46,,SolderJumper-3_P2.0mm_Open_TrianglePad1.0x1.5mm,Jumper_3_Open,tht,False
161.925003,-84.581997,90.0,bottom,JP47,,SolderJumper-2_P1.3mm_Open_TrianglePad1.0x1.5mm,Jumper_2_Open,tht,False
159.385001,-84.581996,90.0,bottom,JP48,,SolderJumper-2_P1.3mm_Open_TrianglePad1.0x1.5mm,Jumper_2_Open,tht,False
161.924999,-81.279998,-90.0,bottom,JP49,,SolderJumper-2_P1.3mm_Open_TrianglePad1.0x1.5mm,Jumper_2_Open,tht,False
163.132001,-114.427001,90.0,bottom,JP5,,SolderJumper-2_P1.3mm_Open_TrianglePad1.0x1.5mm,Jumper_2_Open,tht,False
159.384999,-81.279995,-90.0,bottom,JP50,,SolderJumper-2_P1.3mm_Open_TrianglePad1.0x1.5mm,Jumper_2_Open,tht,False
108.839001,-108.622001,-90.0,bottom,JP51,,SolderJumper-2_P1.3mm_Open_TrianglePad1.0x1.5mm,Jumper_2_Open,tht,False
144.812,-113.247,90.0,bottom,JP6,,SolderJumper-3_P2.0mm_Open_TrianglePad1.0x1.5mm,Jumper_3_Open,tht,False
149.003,-111.215002,-90.0,bottom,JP7,,SolderJumper-2_P1.3mm_Open_TrianglePad1.0x1.5mm,Jumper_2_Open,tht,False
151.543001,-111.215002,-90.0,bottom,JP8,,SolderJumper-2_P1.3mm_Open_TrianglePad1.0x1.5mm,Jumper_2_Open,tht,False
149.003,-114.517001,90.0,bottom,JP9,,SolderJumper-2_P1.3mm_Open_TrianglePad1.0x1.5mm,Jumper_2_Open,tht,False
169.164,-115.6485,0.0,top,Q1,,SOT-23,AO3401A,smt,True
143.32,-104.267,0.0,top,R1,,R_0603_1608Metric,10k,smt,True
148.495001,-113.373999,180.0,top,R10,,R_0603_1608Metric,27kΩ,smt,True
151.543001,-114.517001,-90.0,top,R11,,R_0603_1608Metric,10kΩ,smt,True
148.495001,-115.025,0.0,top,R12,,R_0603_1608Metric,1MΩ,smt,True
140.353501,-111.215002,90.0,top,R13,,R_0603_1608Metric,6.8kΩ,smt,True
137.305501,-113.373999,180.0,top,R14,,R_0603_1608Metric,27kΩ,smt,True
140.353501,-114.517001,-90.0,top,R15,,R_0603_1608Metric,10kΩ,smt,True
137.305501,-115.025,0.0,top,R16,,R_0603_1608Metric,1MΩ,smt,True
128.937001,-111.215002,90.0,top,R17,,R_0603_1608Metric,6.8kΩ,smt,True
125.889001,-113.373999,180.0,top,R18,,R_0603_1608Metric,27kΩ,smt,True
128.937001,-114.517001,-90.0,top,R19,,R_0603_1608Metric,10kΩ,smt,True
161.226,-91.694,180.0,top,R2,,R_0603_1608Metric,10k,smt,True
125.889001,-115.025,0.0,top,R20,,R_0603_1608Metric,1MΩ,smt,True
117.475,-111.278002,90.0,top,R21,,R_0603_1608Metric,6.8kΩ,smt,True
114.427,-113.436999,180.0,top,R22,,R_0603_1608Metric,27kΩ,smt,True
117.475,-114.580001,-90.0,top,R23,,R_0603_1608Metric,10kΩ,smt,True
114.427,-115.088,0.0,top,R24,,R_0603_1608Metric,1MΩ,smt,True
113.632999,-84.671997,-90.0,top,R25,,R_0603_1608Metric,6.8kΩ,smt,True
116.680999,-82.513,0.0,top,R26,,R_0603_1608Metric,27kΩ,smt,True
113.632999,-81.369998,90.0,top,R27,,R_0603_1608Metric,10kΩ,smt,True
116.680999,-80.861999,180.0,top,R28,,R_0603_1608Metric,1MΩ,smt,True
125.127,-84.613996,-90.0,top,R29,,R_0603_1608Metric,6.8kΩ,smt,True
163.132001,-111.125001,90.0,top,R3,,R_0603_1608Metric,6.8kΩ,smt,True
128.175,-82.454999,0.0,top,R30,,R_0603_1608Metric,27kΩ,smt,True
125.127,-81.311997,90.0,top,R31,,R_0603_1608Metric,10kΩ,smt,True
128.175,-80.803998,180.0,top,R32,,R_0603_1608Metric,1MΩ,smt,True
136.524999,-84.585309,-90.0,top,R33,,R_0603_1608Metric,6.8kΩ,smt,True
139.572999,-82.426312,0.0,top,R34,,R_0603_1608Metric,27kΩ,smt,True
136.524999,-81.28331,90.0,top,R35,,R_0603_1608Metric,10kΩ,smt,True
139.572999,-80.775311,180.0,top,R36,,R_0603_1608Metric,1MΩ,smt,True
147.954999,-84.709,-90.0,top,R37,,R_0603_1608Metric,6.8kΩ,smt,True
151.003001,-82.550003,0.0,top,R38,,R_0603_1608Metric,27kΩ,smt,True
147.955,-81.406999,90.0,top,R39,,R_0603_1608Metric,10kΩ,smt,True
160.084001,-113.284001,180.0,top,R4,,R_0603_1608Metric,27kΩ,smt,True
151.003001,-80.899002,180.0,top,R40,,R_0603_1608Metric,1MΩ,smt,True
159.385001,-84.581996,-90.0,top,R41,,R_0603_1608Metric,6.8kΩ,smt,True
162.433,-82.423001,0.0,top,R42,,R_0603_1608Metric,27kΩ,smt,True
159.384999,-81.279995,90.0,top,R43,,R_0603_1608Metric,10kΩ,smt,True
162.433,-80.772,180.0,top,R44,,R_0603_1608Metric,1MΩ,smt,True
130.175,-97.536,180.0,top,R45,,R_0603_1608Metric,680Ω,smt,True
163.132001,-114.427001,-90.0,top,R5,,R_0603_1608Metric,10kΩ,smt,True
160.084001,-114.935001,0.0,top,R6,,R_0603_1608Metric,1MΩ,smt,True
143.32,-102.616,180.0,top,R7,,R_0603_1608Metric,10k,smt,True
113.03,-109.347,0.0,top,R8,,R_0402_1005Metric,120Ω,smt,True
151.543001,-111.215002,90.0,top,R9,,R_0603_1608Metric,6.8kΩ,smt,True
152.019,-92.202,90.0,top,SW1,,SW_Push_1P1T_XKB_TS-1187A,RESET,smt,True
164.084,-107.532,0.0,top,TP1,,TestPoint_Pad_1.0x1.0mm,TestPoint,tht,False
158.368999,-88.265,180.0,top,TP10,,TestPoint_Pad_1.0x1.0mm,TestPoint,tht,False
152.527,-107.532,0.0,top,TP2,,TestPoint_Pad_1.0x1.0mm,TestPoint,tht,False
141.351,-107.532,0.0,top,TP3,,TestPoint_Pad_1.0x1.0mm,TestPoint,tht,False
129.921,-107.532,0.0,top,TP4,,TestPoint_Pad_1.0x1.0mm,TestPoint,tht,False
118.491,-107.532,0.0,top,TP5,,TestPoint_Pad_1.0x1.0mm,TestPoint,tht,False
112.648999,-88.265,180.0,top,TP6,,TestPoint_Pad_1.0x1.0mm,TestPoint,tht,False
124.206,-88.265,180.0,top,TP7,,TestPoint_Pad_1.0x1.0mm,TestPoint,tht,False
135.508999,-88.265,180.0,top,TP8,,TestPoint_Pad_1.0x1.0mm,TestPoint,tht,False
146.938999,-88.265,180.0,top,TP9,,TestPoint_Pad_1.0x1.0mm,TestPoint,tht,False
160.274,-96.875999,90.0,top,U1,,SOT-223-3_TabPin2,AMS1117-3.3,smt,True
138.176,-97.79,0.0,top,U2,,LQFP-48_7x7mm_P0.5mm,STM32F103C8T6,smt,True
114.554,-103.886,180.0,top,U3,SP3485EN-L/TR,SOIC-8_W3.9mm,SP3485EN-L_TR,smt,True
126.619,-97.536,90.0,top,Y1,,CRYSTAL-SMD_L5.0-W3.2,8MHz,smt,True
